﻿<?xml version="1.0" encoding="UTF-8" ?>
<gdipp>
	<version>0.9.1</version>
	
	<gdimm>
		<process>
			<freetype>
				<cache_max_faces>8</cache_max_faces>
				<cache_max_sizes>16</cache_max_sizes>
				<cache_max_bytes>1048576</cache_max_bytes>
				<lcd_filter>1</lcd_filter>
			</freetype>
		</process>
		
		<font max_height="72">
			<auto_hinting>1</auto_hinting>
			<embedded_bitmap>0</embedded_bitmap>
			<embolden>0</embolden>
			<gamma>
				<red>1.0</red>
				<green>1.0</green>
				<blue>1.0</blue>
			</gamma>
			<hinting>1</hinting>
			<kerning>0</kerning>
			<render_mode>
				<mono>0</mono>
				<gray>1</gray>
				<subpixel>1</subpixel>
				<pixel_geometry>0</pixel_geometry>
				<aliased_text>0</aliased_text>
			</render_mode>
			<renderer>10</renderer>
			<shadow>
				<offset_x>1</offset_x>
				<offset_y>1</offset_y>
				<alpha>0</alpha>
			</shadow>
		</font>

		<font>
			<renderer>0</renderer>
		</font>
	</gdimm>
	
	<demo>
		<count>5000</count>
		<threads>2</threads>
		<random_text>0</random_text>
		<font>Arial</font>
		<font>Consolas</font>
		<font>Segoe UI</font>
		<font>Tahoma</font>
		<font>Verdana</font>
	</demo>
	
	<exclude>
		<process>conhost\.exe</process>
		<process>dwm\.exe</process>
		<process>logonui\.exe</process>
		<process>service\.exe</process>
		<process>spoolsv\.exe</process>
		<process>svchost\.exe</process>
		<process>taskhost\.exe</process>
		<process>userinit\.exe</process>
		<process>werfault\.exe</process>
		<process>wininit\.exe</process>
		<process>winlogon\.exe</process>
		<process>Iris\.exe</process>
		<!-- <process>notepad\+\+\.exe</process> -->
	</exclude>
</gdipp>
